{
  "accuracy": 0.6575919985771179,
  "loss": 0.6221435070037842,
  "val_accuracy": 0.5,
  "val_loss": 2.825382947921753,
  "learning_rate": 9.999999747378752e-06,
  "epoch": 0,
  "global_step": 163
}