{
  "accuracy": 0.5498466491699219,
  "loss": 0.8053831458091736,
  "val_accuracy": 0.5,
  "val_loss": 0.6913660764694214,
  "learning_rate": 9.999999747378752e-06,
  "epoch": 0,
  "global_step": 163
}