{
  "accuracy": 0.9298312664031982,
  "loss": 0.1935604065656662,
  "val_accuracy": 0.9375,
  "val_loss": 0.14235042035579681,
  "learning_rate": 0.0010000000474974513,
  "epoch": 1,
  "global_step": 326
}