{
  "accuracy": 0.8815184235572815,
  "loss": 0.2522997260093689,
  "val_accuracy": 0.6875,
  "val_loss": 0.5660385489463806,
  "epoch": 5,
  "global_step": 978
}