{
  "accuracy": 0.9401840567588806,
  "loss": 0.15958304703235626,
  "val_accuracy": 0.875,
  "val_loss": 0.22454747557640076,
  "learning_rate": 0.0010000000474974513,
  "epoch": 3,
  "global_step": 652
}