{
  "accuracy": 0.8579370975494385,
  "loss": 0.35181888937950134,
  "val_accuracy": 0.5,
  "val_loss": 0.6767770648002625,
  "learning_rate": 4.999999873689376e-06,
  "epoch": 4,
  "global_step": 815
}