{
  "accuracy": 0.9562883377075195,
  "loss": 0.1326701045036316,
  "val_accuracy": 1.0,
  "val_loss": 0.08708800375461578,
  "epoch": 3,
  "global_step": 652
}