{
  "accuracy": 0.962806761264801,
  "loss": 0.11433203518390656,
  "val_accuracy": 0.875,
  "val_loss": 0.14348958432674408,
  "learning_rate": 4.999999873689376e-06,
  "epoch": 7,
  "global_step": 1304
}