{
  "accuracy": 0.9348159432411194,
  "loss": 0.17428143322467804,
  "val_accuracy": 0.5,
  "val_loss": 2.085909843444824,
  "epoch": 1,
  "global_step": 326
}