{
  "accuracy": 0.6689033508300781,
  "loss": 0.6603766679763794,
  "val_accuracy": 0.5,
  "val_loss": 0.9626960158348083,
  "epoch": 0,
  "global_step": 163
}