{
  "accuracy": 0.9309815764427185,
  "loss": 0.19205252826213837,
  "val_accuracy": 0.9375,
  "val_loss": 0.18292933702468872,
  "learning_rate": 0.0010000000474974513,
  "epoch": 2,
  "global_step": 489
}