{
  "accuracy": 0.9585889577865601,
  "loss": 0.1137673407793045,
  "val_accuracy": 0.875,
  "val_loss": 0.2630283534526825,
  "learning_rate": 4.999999873689376e-06,
  "epoch": 6,
  "global_step": 1141
}