{
  "accuracy": 0.7434815764427185,
  "loss": 0.44475892186164856,
  "val_accuracy": 0.5625,
  "val_loss": 0.6887997388839722,
  "epoch": 1,
  "global_step": 326
}