{
  "accuracy": 0.5383435487747192,
  "loss": 0.7485860586166382,
  "val_accuracy": 0.5,
  "val_loss": 0.6704580187797546,
  "learning_rate": 0.0010000000474974513,
  "epoch": 0,
  "global_step": 163
}