{
  "accuracy": 0.9488113522529602,
  "loss": 0.11849701404571533,
  "val_accuracy": 0.875,
  "val_loss": 0.1626066416501999,
  "learning_rate": 9.999999747378752e-06,
  "epoch": 2,
  "global_step": 489
}