{
  "accuracy": 0.9411426186561584,
  "loss": 0.18219001591205597,
  "val_accuracy": 0.8846153616905212,
  "val_loss": 0.28793543577194214,
  "epoch": 1,
  "global_step": 326
}