{
  "accuracy": 0.7172162532806396,
  "loss": 0.5447107553482056,
  "val_accuracy": 0.8125,
  "val_loss": 0.4843674302101135,
  "learning_rate": 0.0010000000474974513,
  "epoch": 4,
  "global_step": 815
}