{
  "accuracy": 0.9261886477470398,
  "loss": 0.19014517962932587,
  "val_accuracy": 0.5,
  "val_loss": 1.6997649669647217,
  "epoch": 0,
  "global_step": 163
}