{
  "accuracy": 0.9482361674308777,
  "loss": 0.15831129252910614,
  "val_accuracy": 0.8974359035491943,
  "val_loss": 0.2836083769798279,
  "epoch": 2,
  "global_step": 489
}