{
  "accuracy": 0.8817101120948792,
  "loss": 0.27896204590797424,
  "val_accuracy": 0.6875,
  "val_loss": 0.4540215730667114,
  "epoch": 6,
  "global_step": 1141
}