{
  "accuracy": 0.6184815764427185,
  "loss": 0.6143104434013367,
  "val_accuracy": 0.5,
  "val_loss": 0.8859531879425049,
  "learning_rate": 9.999999747378752e-06,
  "epoch": 0,
  "global_step": 163
}