{
  "accuracy": 0.9223542809486389,
  "loss": 0.17468269169330597,
  "val_accuracy": 0.9375,
  "val_loss": 0.19098317623138428,
  "learning_rate": 9.999999747378752e-06,
  "epoch": 2,
  "global_step": 489
}