{
  "accuracy": 0.9620398879051208,
  "loss": 0.1130022257566452,
  "val_accuracy": 0.9375,
  "val_loss": 0.14286431670188904,
  "learning_rate": 4.999999873689376e-06,
  "epoch": 5,
  "global_step": 978
}