{
  "accuracy": 0.931556761264801,
  "loss": 0.17857839167118073,
  "val_accuracy": 1.0,
  "val_loss": 0.09372055530548096,
  "learning_rate": 9.999999747378752e-06,
  "epoch": 2,
  "global_step": 489
}