{
  "accuracy": 0.847967803478241,
  "loss": 0.36841124296188354,
  "val_accuracy": 0.6875,
  "val_loss": 0.4411954879760742,
  "epoch": 5,
  "global_step": 978
}