{
  "accuracy": 0.9279140830039978,
  "loss": 0.19075146317481995,
  "val_accuracy": 0.5,
  "val_loss": 0.7093597650527954,
  "epoch": 0,
  "global_step": 163
}