{
  "accuracy": 0.9049080014228821,
  "loss": 0.2521776556968689,
  "val_accuracy": 0.5,
  "val_loss": 2.1447184085845947,
  "epoch": 0,
  "global_step": 163
}