{
  "accuracy": 0.956863522529602,
  "loss": 0.10472974181175232,
  "val_accuracy": 0.5,
  "val_loss": 3.0279879570007324,
  "epoch": 1,
  "global_step": 326
}