{
  "accuracy": 0.5816717743873596,
  "loss": 0.6683547496795654,
  "val_accuracy": 0.5,
  "val_loss": 0.6790544390678406,
  "learning_rate": 0.0010000000474974513,
  "epoch": 2,
  "global_step": 489
}