{
  "accuracy": 0.5231978297233582,
  "loss": 0.7817927002906799,
  "val_accuracy": 0.625,
  "val_loss": 0.6792461276054382,
  "learning_rate": 0.0010000000474974513,
  "epoch": 1,
  "global_step": 326
}