{
  "accuracy": 0.9447852969169617,
  "loss": 0.17319656908512115,
  "val_accuracy": 0.9134615659713745,
  "val_loss": 0.290470689535141,
  "epoch": 1,
  "global_step": 326
}