{
  "accuracy": 0.8909125924110413,
  "loss": 0.2530765235424042,
  "val_accuracy": 0.75,
  "val_loss": 0.29678434133529663,
  "learning_rate": 0.0010000000474974513,
  "epoch": 2,
  "global_step": 489
}