{
  "accuracy": 0.8945552110671997,
  "loss": 0.23725275695323944,
  "val_accuracy": 0.9375,
  "val_loss": 0.24010401964187622,
  "learning_rate": 0.0010000000474974513,
  "epoch": 1,
  "global_step": 326
}