{
  "accuracy": 0.5208972096443176,
  "loss": 0.7018706798553467,
  "val_accuracy": 0.5,
  "val_loss": 0.6919102668762207,
  "learning_rate": 0.0010000000474974513,
  "epoch": 0,
  "global_step": 163
}