{
  "accuracy": 0.5393021702766418,
  "loss": 0.7260776162147522,
  "val_accuracy": 0.5,
  "val_loss": 0.6931016445159912,
  "learning_rate": 9.999999747378752e-06,
  "epoch": 0,
  "global_step": 163
}