{
  "accuracy": 0.9035659432411194,
  "loss": 0.22399820387363434,
  "val_accuracy": 0.8125,
  "val_loss": 0.2516753077507019,
  "learning_rate": 0.0010000000474974513,
  "epoch": 1,
  "global_step": 326
}