{
  "accuracy": 0.9601227045059204,
  "loss": 0.109542615711689,
  "val_accuracy": 0.5,
  "val_loss": 1.9691705703735352,
  "epoch": 1,
  "global_step": 326
}