{
  "accuracy": 0.5047929286956787,
  "loss": 0.8095187544822693,
  "val_accuracy": 0.5,
  "val_loss": 0.6947091817855835,
  "learning_rate": 0.0010000000474974513,
  "epoch": 1,
  "global_step": 326
}