{
  "accuracy": 0.8711656332015991,
  "loss": 0.3308698534965515,
  "val_accuracy": 0.8990384340286255,
  "val_loss": 0.29107946157455444,
  "epoch": 0,
  "global_step": 163
}